period,pickup_hour,median_mph,trips
after,0,11.5248,12185
after,1,12.0984,5777
after,2,12.2034,3196
after,3,12.2685,1994
after,4,12.5772,1611
after,5,12.3693,4546
after,6,11.2367,12662
after,7,9.6569,26598
after,8,8.0816,43013
after,9,7.2294,40081
after,10,6.9654,34971
after,11,6.9108,36252
after,12,7.0510,38183
after,13,7.3103,40886
after,14,7.4880,42972
after,15,7.6819,45978
after,16,7.7849,48511
after,17,7.5524,65006
after,18,7.8261,72660
after,19,8.4191,60461
after,20,9.0219,60784
after,21,9.3913,66434
after,22,9.6530,58601
after,23,10.1076,40018
before,0,11.5328,10986
before,1,12.1371,5553
before,2,12.3681,3265
before,3,12.5705,1982
before,4,13.2968,1334
before,5,12.6602,3558
before,6,11.2131,9679
before,7,9.7216,20528
before,8,8.0763,31758
before,9,7.2921,32855
before,10,6.9563,31134
before,11,6.8068,33198
before,12,6.9068,33973
before,13,7.2761,35727
before,14,7.3333,37772
before,15,7.5277,38238
before,16,7.6454,40233
before,17,7.4436,50447
before,18,7.7382,56462
before,19,8.2491,48171
before,20,8.8283,42347
before,21,9.4140,42973
before,22,9.5510,37552
before,23,9.9934,27464
